merchant_id,merchant_clean,merch_lat,merch_long,merch_zipcode
1,Abbott-Rogahn,38.65159864750542,-90.64586254284166,50263.0
2,Abbott-Steuber,38.36407049801475,-90.168006947249,3812.0
3,Abernathy and Sons,38.68773024328955,-90.1558241279269,23130.0
4,Abshire PLC,38.674928075461736,-89.90236613087072,52359.0
5,"Adams, Kovacek and Kuhlman",37.99757803723404,-90.12373763085107,24458.0
6,Adams-Barrows,38.63889670618557,-90.20825387686139,80813.0
7,"Altenwerth, Cartwright and Koss",38.553041828256305,-90.45957703203781,81325.0
8,Altenwerth-Kilback,38.5849032349181,-90.53915369236915,49765.0
9,Ankunding LLC,38.516048505980244,-90.32004042641705,24435.0
10,Ankunding-Carroll,38.82216256029233,-89.64157108769793,5158.0
11,"Armstrong, Walter and Gottlieb",38.606965662772176,-89.45435636962294,71079.0
12,Auer LLC,38.43837423474946,-90.06547611165577,72619.0
13,Auer-Mosciski,38.40732241181263,-90.68582804399185,63953.0
14,Auer-West,38.45408778219396,-90.67563241388447,41642.0
15,Bahringer Group,38.69164127874564,-90.08582094541231,13069.0
16,"Bahringer, Bergnaum and Quitzon",38.52379485530028,-90.47461496412737,97427.0
17,"Bahringer, Osinski and Block",38.576178233585125,-90.44405141487508,44032.0
18,"Bahringer, Schoen and Corkery",38.41717039020122,-90.04855424890638,21037.0
19,Bahringer-Larson,38.42430472376357,-90.9108525729795,28756.0
20,Bahringer-Streich,38.585513269867555,-89.62634448896246,26224.0
21,Bailey-Morar,38.63714913786008,-90.15035671563786,92624.0
22,Balistreri-Nader,38.529194583766234,-89.41881823506493,70395.0
23,Barrows PLC,38.38160398368607,-90.08657941666667,65321.0
24,Bartoletti and Sons,38.53095952142858,-90.19787770384615,83803.0
25,Bartoletti-Wunsch,38.801599263452914,-90.47402447010464,48161.0
26,Barton Inc,38.609125348590105,-89.72842786228034,44212.0
27,Barton LLC,38.7769030256745,-90.40375066449086,25270.0
28,Bashirian Group,38.67535430310881,-90.09095401088082,62326.0
29,Bauch-Blanda,38.554938009932044,-90.31299601777313,32440.0
30,Bauch-Raynor,38.59963517349781,-89.9085475189017,2492.0
31,Baumbach Ltd,38.660689012728284,-89.69667090094079,31023.0
32,"Baumbach, Feeney and Morar",38.581933463452565,-90.27134711767755,67543.0
33,"Baumbach, Hodkiewicz and Walsh",38.300759898520084,-90.44204463636363,64494.0
34,"Baumbach, Strosin and Nicolas",38.28338004537597,-90.40886874891962,31801.0
35,Bechtelar-Rippin,38.544211715777905,-89.57711936778449,85294.0
36,"Becker, Harris and Harvey",38.327108857598304,-90.78087294261424,30259.0
37,Bednar Group,38.35801453863636,-90.56097360530303,74630.0
38,Bednar Inc,38.600513070658685,-89.90683685988024,2025.0
39,Bednar PLC,38.63757753748296,-89.95976612630622,94954.0
40,Beer-Jast,38.569350875551635,-90.41992036142983,14072.0
41,Beier LLC,38.31226429486501,-90.03150821916357,72366.0
42,Beier and Sons,38.43345341528508,-90.44147545046502,36790.0
43,Beier-Hyatt,38.34479239704017,-89.71863350824523,45623.0
44,Berge LLC,38.914000279043705,-90.0153065259619,72537.0
45,"Berge, Kautzer and Harris",38.58066500884956,-90.3993648091814,24130.0
46,Berge-Hills,38.527354404553414,-89.95558215718039,17578.0
47,Berge-Ullrich,38.45373180188679,-90.07680204388843,28305.0
48,Bernhard Inc,38.77697308222812,-91.07027765251989,15438.0
49,"Bernhard, Grant and Langworth",38.491644597222226,-90.06960500607639,68847.0
50,Bernhard-Lesch,38.480226813902576,-89.91975902189381,15722.0
51,Bernier and Sons,38.484647960459185,-90.309425292517,72537.0
52,"Bernier, Streich and Jewess",38.0546560384216,-89.7480515867082,70068.0
53,"Bernier, Volkman and Hoeger",38.571455171009774,-90.23224455863192,58564.0
54,"Bins, Balistreri and Beatty",38.243500613822896,-90.21206666436285,66422.0
55,Bins-Howell,38.46807639104638,-90.68305299946063,80503.0
56,Bins-Rice,38.65354758154426,-90.0703587141243,28777.0
57,Bins-Tillman,38.464393182190385,-89.52737859570112,93243.0
58,Block Group,38.605380969298245,-89.56415453822055,37090.0
59,Block-Hauck,38.496886967592594,-90.12328338425925,15938.0
60,Block-Parisian,38.58557705593869,-90.62054664061303,31606.0
61,Bode-Rempel,38.6242220087184,-90.14455041761116,37190.0
62,Bode-Schuster,38.58854464264003,-90.22625247112461,98370.0
63,"Boehm, Block and Jakubowski",38.36946934077856,-90.46315386917678,4046.0
64,"Boehm, Predovic and Reinger",38.22718946074646,-89.72782042213642,50559.0
65,Bogisich Inc,38.56969560557606,-89.845004399754,62931.0
66,Bogisich-Homenick,38.56619048257165,-90.1146241634392,38477.0
67,Bogisich-Weimann,38.36625318866292,-90.30970016702726,39846.0
68,Botsford Ltd,38.408699454781484,-89.88650131674599,71861.0
69,Botsford PLC,38.51407457658023,-90.70784873703403,57036.0
70,Botsford and Sons,38.35062003633428,-90.02309974808236,75173.0
71,Boyer PLC,38.508591641568856,-89.80080281849412,1053.0
72,Boyer-Haley,38.30421957360406,-90.67142404060914,57380.0
73,Boyer-Reichert,38.61911946698113,-89.90153108333332,67518.0
74,Bradtke PLC,38.475684208855796,-90.33319973119123,63473.0
75,"Bradtke, Torp and Bahringer",38.44531445341949,-90.02119168551427,80603.0
76,Breitenberg LLC,38.776352695,-90.0288908375,48727.0
77,Breitenberg-Hermiston,38.317951892938495,-90.3275633763098,14094.0
78,Brekke and Sons,38.67163117904259,-90.07359901168488,29129.0
79,Brown Inc,38.42178077476255,-90.34024581094526,75144.0
80,Brown PLC,38.506209681972784,-90.86918673129252,33865.0
81,"Brown, Homenick and Lesch",38.813395739253394,-89.9313325989819,96146.0
82,Brown-Greenholt,38.63452803462749,-90.12979799422875,12740.0
83,Bruen-Yost,38.433977072211476,-90.06409842037395,83436.0
84,Buckridge PLC,38.447410990524325,-89.66309839292482,29037.0
85,Carroll PLC,38.569629764361075,-90.42226739214537,70083.0
86,Cartwright PLC,38.6526832208589,-90.87019511437336,58770.0
87,Cartwright-Harris,38.623426514107884,-89.79775125352697,38930.0
88,"Casper, Hand and Zulauf",38.45049702863962,-89.78140141050119,16260.0
89,Cassin-Harvey,38.31093436095346,-89.46112859704881,8230.0
90,Champlin and Sons,38.51762068443497,-90.14353528614073,75125.0
91,"Champlin, Rolfson and Connelly",38.52285118875,-89.25698535875,87752.0
92,Champlin-Casper,38.488474317727096,-90.12399471028411,27839.0
93,"Christiansen, Goyette and Schamberger",38.84553033856502,-91.11314925859492,68947.0
94,Christiansen-Gusikowski,38.74039911636363,-90.70300264787879,10963.0
95,Cole PLC,38.51041417966238,-90.69519141398715,61533.0
96,"Cole, Hills and Jewess",38.389619770403954,-90.41791418013192,95228.0
97,Collier Inc,38.39277702714441,-90.87255585993485,24943.0
98,Collier LLC,38.48658504376278,-90.12254257791412,48161.0
99,Connelly PLC,38.38873584349259,-90.35272554146074,23927.0
100,"Connelly, Reichert and Fritsch",38.86506925894188,-90.26207136885246,45742.0
101,Connelly-Carter,38.35586014863258,-90.00821096393183,47433.0
102,Conroy Ltd,38.4879617402653,-90.16671220795892,71356.0
103,"Conroy, Balistreri and Gorczany",38.69880970557792,-90.25739581023578,40068.0
104,Conroy-Cruickshank,38.66883537725701,-90.40539253668844,43554.0
105,Conroy-Emard,38.252957823959505,-90.50416602530933,62353.0
106,Cormier LLC,38.73886722855577,-90.6346107149904,35967.0
107,"Cormier, Stracke and Thiel",38.35629552853333,-90.41513372853333,50066.0
108,Corwin-Collins,38.86055019925234,-90.63007897121496,22644.0
109,Corwin-Gorczany,38.58301464624809,-90.34154748392037,51558.0
110,Corwin-Romaguera,38.74750174057143,-90.04438333714286,5871.0
111,"Cremin, Hamill and Reichel",38.51426634715026,-90.35374678950778,54469.0
112,"Crist, Jakubowski and Littel",38.693915265006126,-89.5372827570437,64725.0
113,Crona and Sons,38.27737877018634,-89.89806186335404,77830.0
114,"Cronin, Kshlerin and Weber",38.63662237054354,-90.04308918819405,67669.0
115,Crooks and Sons,38.36364834381779,-90.25122286767896,12491.0
116,Cruickshank-Mills,38.5452489846723,-90.34044510887949,8556.0
117,Cummerata-Hilpert,38.68937818789474,-90.37090449631579,70634.0
118,Cummerata-Jones,38.624036411915206,-90.0995310127924,63071.0
119,Cummings Group,38.15873056818182,-90.34551957500001,19508.0
120,Cummings LLC,38.90612218475751,-89.91370200615859,72519.0
121,Dach-Borer,38.146458028985506,-89.73734498240165,85212.0
122,Dach-Nader,38.754634260731315,-90.3669268354531,98281.0
123,"Dare, Casper and Bartoletti",38.48117151002735,-90.69898870464904,72478.0
124,"Dare, Fritsch and Zboncak",38.53221438390804,-90.90262405229885,10917.0
125,Dare-Gibson,38.77942396850862,-90.42324723410577,21719.0
126,Dare-Marvin,38.885419586114104,-90.06178424973089,38058.0
127,Daugherty LLC,38.54562672511211,-90.19678924798207,57738.0
128,"Daugherty, Pouros and Beahan",38.365226815411404,-90.37701507836309,48383.0
129,Daugherty-Thompson,38.614154153221435,-89.44468957552787,64689.0
130,Deckow-Dare,38.62243902437673,-89.84097135069251,10509.0
131,Deckow-O'Conner,38.50959701691502,-90.3131674953685,48168.0
132,Denesik and Sons,38.48298436599297,-89.92414927240773,44057.0
133,"Denesik, Powlowski and Pouros",38.58267957198901,-89.92862345861121,24614.0
134,Dibbert and Sons,38.56291937415672,-90.50900835858847,28128.0
135,Dibbert-Green,38.66550609701493,-90.34252513166311,30439.0
136,Dicki Ltd,38.119079385209716,-90.15280228476821,67952.0
137,Dickinson Ltd,38.55189700757135,-89.74390115550379,8079.0
138,Dickinson-Rempel,38.642237117263846,-89.82868902019544,66106.0
139,Dietrich-Fadel,38.678801902522935,-90.55754886525229,92590.0
140,Donnelly LLC,38.61183070846906,-89.9662799685125,46985.0
141,Donnelly PLC,38.73481791377983,-91.09298164973056,65778.0
142,Dooley Inc,38.41327611434783,-89.74647455826087,75440.0
143,Dooley-Thompson,38.594775175141244,-90.25310564810331,76085.0
144,"Douglas, DuBuque and McKenzie",38.581411442580645,-90.41104325677418,30457.0
145,"Douglas, Schneider and Turner",38.37913975663717,-90.71633546150441,44445.0
146,Douglas-White,38.69070384715702,-90.5709379029734,92036.0
147,Doyle Ltd,38.61382469702893,-90.00754338350274,38041.0
148,DuBuque LLC,38.36649277920514,-90.10751549498193,13633.0
149,"Durgan, Gislason and Spencer",38.42086974338172,-90.57575605380016,30558.0
150,Durgan-Auer,38.688206465315666,-89.93085298519095,39657.0
151,Ebert-Daugherty,38.559885282716046,-88.98969787407408,31301.0
152,Effertz LLC,38.52715838267544,-90.34257594901317,29805.0
153,"Effertz, Welch and Schowalter",38.52782629103672,-89.99862343574515,18241.0
154,"Eichmann, Bogan and Rodriguez",38.896764795711064,-90.43742128856283,4072.0
155,"Eichmann, Hayes and Treutel",38.24795323169268,-90.1903960552221,16143.0
156,Eichmann-Kilback,38.44465707674237,-90.33641328191074,38922.0
157,Eichmann-Russel,38.73894156852459,-89.95609657245902,95757.0
158,Emard Inc,38.890901559636504,-90.00506468269596,67857.0
159,Emmerich-Luettgen,38.25207379735682,-90.34851431828193,16509.0
160,Emmerich-Rau,38.576335183010265,-90.37706382668188,8501.0
161,Erdman-Durgan,38.48027104159343,-90.47709624077328,16731.0
162,Erdman-Ebert,38.3970711180891,-90.67849889157273,11977.0
163,Erdman-Kertzmann,38.86789771645102,-90.64619251497228,56594.0
164,Erdman-Schaden,38.551576048927984,-90.53979803848269,66834.0
165,Ernser-Feest,38.6556109771615,-90.16257010440457,26452.0
166,Ernser-Lynch,38.46089542102397,-89.99317348801742,40943.0
167,Fadel Inc,38.77855132992618,-90.01456189153889,79257.0
168,"Fadel, Mertz and Rippin",38.69959689129288,-90.38533114353562,24120.0
169,Fadel-Hilpert,38.6628653059034,-90.19528331782946,51054.0
170,Fahey Inc,38.45973974542206,-90.5150742510049,72068.0
171,"Feil, Hilpert and Koss",38.364520715144884,-90.12794587424823,73090.0
172,Feil-Morar,38.679380005701255,-90.52866109064995,97065.0
173,"Ferry, Lynch and Kautzer",38.41482859984639,-90.2193154984639,95377.0
174,"Ferry, Reichel and DuBuque",38.24005761875,-89.49181115937499,29052.0
175,Fisher Inc,38.612389346888776,-90.89417368789809,79534.0
176,Fisher-Schowalter,38.56472271624365,-89.82274819187818,93611.0
177,Flatley Group,38.28405064908121,-89.92945101244813,15558.0
178,Flatley-Durgan,38.905934635684645,-90.2455326406639,11697.0
179,Frami Group,38.56066447780127,-89.98518187896407,70394.0
180,Friesen Inc,38.44592328854436,-90.21670054177433,10541.0
181,Friesen Ltd,38.539303209023416,-90.59680484009138,97436.0
182,Friesen-D'Amore,38.65842734623056,-90.87666607698445,35146.0
183,Friesen-Ortiz,38.6197059812073,-90.81210567255125,75448.0
184,Friesen-Stamm,38.80007816604478,-90.27170697425373,38635.0
185,Fritsch LLC,38.72371978605201,-89.48063270567376,56013.0
186,Fritsch and Sons,38.55047987404355,-89.76639011948205,36776.0
187,Funk Group,38.379421209513026,-90.31935103057756,62668.0
188,Gaylord-Powlowski,38.411976735342016,-90.39200460586319,53816.0
189,Gerhold LLC,38.402594674101614,-90.141982748038,21773.0
190,Gerlach Inc,38.41829349383984,-90.07935719815195,67556.0
191,Gibson-Deckow,38.60743162210526,-90.93771327631579,76634.0
192,Gislason Group,38.49309219296844,-90.06274725489412,4938.0
193,Gleason and Sons,38.441528171875,-90.27505389419643,53576.0
194,Gleason-Macejkovic,38.50409430398426,-91.05017813428431,65775.0
195,"Goldner, Kovacek and Abbott",38.60693378227438,-90.09895375232699,21227.0
196,Goldner-Lemke,38.684232844177146,-90.38955312575179,20841.0
197,Goodwin-Nitzsche,38.51508593902439,-90.51511000157356,70656.0
198,Gottlieb Group,38.594193855437666,-90.13715424093722,32948.0
199,"Gottlieb, Considine and Schultz",38.55978577811094,-90.65275177761119,2830.0
200,Gottlieb-Hansen,38.48550561165049,-90.33673758144552,43822.0
201,Goyette Inc,38.62710265465775,-90.83537754503345,13634.0
202,"Goyette, Howell and Collier",38.26011162542956,-89.76282145661511,5458.0
203,Goyette-Gerhold,38.57713751644016,-89.8801555839544,76472.0
204,Goyette-Herzog,38.54044871804511,-90.0829504085213,37705.0
205,Graham and Sons,38.61812357412877,-89.71386316774955,62522.0
206,"Graham, Hegmann and Hammes",38.49159695833333,-90.41530231223629,43567.0
207,"Greenfelder, Bartoletti and Davis",38.674441417609046,-90.37406208562197,56222.0
208,Greenholt Ltd,38.544001619411766,-90.65324955529412,79526.0
209,"Greenholt, Jacobi and Gleason",38.66442159036144,-90.21597356174699,3458.0
210,"Greenholt, O'Hara and Balistreri",38.65968521912144,-90.37040137674418,76561.0
211,Grimes LLC,38.56260755094538,-90.04310914653361,23061.0
212,Gulgowski LLC,38.555674719458814,-90.27374991882212,72156.0
213,Gutmann Ltd,38.182106885120355,-90.05760037855579,45780.0
214,"Gutmann, McLaughlin and Wiza",38.550278217181855,-90.5819614696909,38642.0
215,Gutmann-Upton,38.51050982239383,-89.86599034105534,12108.0
216,Haag-Blanda,38.42963624606192,-90.23681447474199,62844.0
217,Hackett Group,38.75058813075965,-90.3358661905355,72130.0
218,Hackett-Lueilwitz,38.435370831386294,-90.00766377375389,77479.0
219,"Hagenes, Hermann and Stroman",38.704553877450984,-89.71298245465685,17960.0
220,"Hagenes, Kohler and Hoppe",38.368677975623264,-90.24500594958448,21010.0
221,"Hahn, Bahringer and McLaughlin",38.36423037422969,-89.6636719747899,44689.0
222,"Hahn, Douglas and Schowalter",38.45962187757909,-89.75015708528197,76050.0
223,Haley Group,38.14867037077962,-90.14042833271945,45601.0
224,"Haley, Batz and Auer",38.38414894683827,-90.66943034918859,75859.0
225,"Haley, Jewess and Bechtelar",38.5727205579897,-89.93319633676975,65256.0
226,Halvorson Group,38.57424531246087,-89.56132463306199,39086.0
227,Hamill-D'Amore,38.5972105836711,-90.45610237174292,35981.0
228,Hamill-Daugherty,38.72403276258993,-90.06202545483613,48350.0
229,Hammes-Beatty,38.53784402096627,-90.06426996763902,21545.0
230,Harber Inc,38.98940080119284,-90.21658921272366,19529.0
231,Harris Group,38.32245464577657,-89.70152149645777,43762.0
232,Harris Inc,38.57243614519906,-90.36766991803279,63446.0
233,"Harris, Gusikowski and Heaney",38.10565129765886,-89.4572240735786,88135.0
234,"Hartmann, Rowe and Hermann",38.70989122941177,-90.00635679882353,24477.0
235,"Hauck, Dietrich and Funk",38.470269177895204,-90.31600380889476,83406.0
236,"Hayes, Marquardt and Dibbert",38.62274216934189,-91.18160871027287,29819.0
237,Heaney-Marquardt,38.644552986013984,-90.62125838622916,21010.0
238,Heathcote LLC,38.4454260708502,-89.92432884159919,47448.0
239,"Heathcote, Yost and Kertzmann",38.39147782770961,-90.26303623773006,29340.0
240,Heidenreich PLC,38.640239806902215,-90.24565282087099,7720.0
241,Heller PLC,38.56964399587993,-90.5714472448499,13343.0
242,"Heller, Gutmann and Zieme",38.723082481422296,-90.41049198721534,63879.0
243,Heller-Abshire,38.20625031470923,-90.11796079019383,82201.0
244,Heller-Langosh,38.93283986973633,-90.72963344273907,51558.0
245,Herman Inc,38.33227123499684,-89.74048142577385,38858.0
246,"Herman, Treutel and Dickens",38.52181037846154,-90.90191737076924,61572.0
247,Hermann and Sons,38.43844627492575,-90.47587712176495,29451.0
248,Hermann-Gaylord,38.54690275,-90.45256578746928,25044.0
249,"Hermiston, Pacocha and Smith",38.69377819325153,-90.42389153496933,15445.0
250,"Hermiston, Russel and Price",38.39807388342626,-89.59580049771921,74020.0
251,Herzog Ltd,38.36758805244123,-89.73464279626282,15236.0
252,"Hettinger, McCullough and Fay",38.70397956556017,-89.62624072946058,7869.0
253,Hickle Group,38.49850435306292,-90.4358758120861,53577.0
254,"Hills, Hegmann and Schaefer",38.70975022909507,-90.2852280578465,30725.0
255,Hills-Boyer,38.38311294565217,-89.6901605826087,8501.0
256,Hills-Olson,38.101969736363635,-89.84329063295455,63362.0
257,Hills-Witting,38.327892766865084,-90.27361014037699,97870.0
258,Hilpert-Conroy,38.76137312187897,-90.7991696711807,52588.0
259,"Hintz, Bauch and Smith",38.46728409205021,-90.05910667304244,48892.0
260,Hintz-Bruen,38.028371063348416,-89.94491391063349,75657.0
261,Hirthe-Beier,38.706069619258436,-90.08370555229664,48045.0
262,"Hodkiewicz, Prohaska and Paucek",38.81969691105464,-91.01124720838628,45308.0
263,Homenick LLC,38.543886793969854,-90.3842366610832,67346.0
264,"Hoppe, Harris and Bednar",38.740743554140124,-90.50851144957537,73062.0
265,Hoppe-Parisian,38.48502455170903,-90.34885170595969,62294.0
266,Howe Ltd,38.487306668518514,-89.86909149814815,6021.0
267,Howe PLC,38.51098474932904,-90.24483644015031,67548.0
268,Hudson-Grady,38.446931232244005,-89.89416882745098,4348.0
269,Hudson-Ratke,38.43920835662358,-90.32291295759289,40906.0
270,Huel Ltd,38.77831103096677,-90.5611869063444,77545.0
271,"Huel, Hammes and Witting",38.64093417016029,-90.35291740361693,16218.0
272,Huel-Langworth,38.82528779271071,-90.06000495216401,37615.0
273,Huels-Hahn,38.907980679611654,-90.57468503659447,49720.0
274,Huels-Nolan,38.860719300809876,-90.09631695912071,61540.0
275,"Hyatt, Russel and Gleichner",38.75566634544438,-90.4375042017887,49866.0
276,Hyatt-Blick,38.592944886390534,-89.3684672035503,66522.0
277,Jacobi Inc,38.59039728348348,-90.41872662762762,80449.0
278,Jacobi and Sons,38.46819292521367,-89.71375947008548,38459.0
279,Jakubowski Group,38.629103224109585,-89.63161910410959,44288.0
280,Jakubowski Inc,38.52536857464213,-90.58485798854805,14810.0
281,Jaskolski-Dibbert,38.20245674301676,-89.49316063910614,26852.0
282,Jaskolski-Vandervort,38.819113909238254,-90.4891999675851,68358.0
283,Jast Ltd,38.40440269636457,-90.62894071684589,34773.0
284,Jast and Sons,38.523673861202184,-89.64079189398906,92823.0
285,Jast-McDermott,38.46737270580475,-90.08796830299032,41719.0
286,"Jenkins, Hauck and Friesen",38.90089856524954,-90.54364515378927,95536.0
287,Jerde-Hermann,38.49524036625,-89.9851104975,91701.0
288,Jewess LLC,38.42572323287077,-89.75210202211622,5486.0
289,Johns Inc,38.669377194108364,-90.67822987059442,29835.0
290,Johns-Hoeger,38.61678098472449,-90.21153444353519,32534.0
291,"Johnson, Runolfsdottir and Mayer",38.78795606891151,-90.01662469616288,72742.0
292,"Johnston, Nikolaus and Maggio",38.309134593576964,-89.59970194795127,89510.0
293,Johnston-Casper,38.11511772563177,-89.21704623826716,68037.0
294,"Jones, Sawayn and Romaguera",38.76600694562647,-90.79279393380615,15535.0
295,Kassulke Inc,38.6467355349345,-90.12389167358079,58647.0
296,Kassulke PLC,38.12293419057377,-90.48260853842213,80757.0
297,Kautzer and Sons,38.58005505526037,-90.42549100371946,83607.0
298,Keeling-Crist,38.47663856595477,-89.66489888316582,22844.0
299,Kemmer-Buckridge,38.40711278665003,-89.92480990393014,14420.0
300,Kemmer-Reinger,38.24112229523809,-89.92886517037037,42411.0
301,Kerluke Inc,38.51226851359752,-89.9768480994561,68855.0
302,Kerluke PLC,38.566752249590834,-90.7754771309329,61532.0
303,"Kerluke, Considine and Macejkovic",38.781749887489504,-90.42812011670866,73673.0
304,"Kerluke, Kertzmann and Wiza",38.81422266777685,-89.97495362697751,91730.0
305,Kerluke-Abshire,38.4639738960827,-90.78611321055494,15554.0
306,Kertzmann LLC,38.52098761579892,-90.24723740873728,34442.0
307,Kessler Group,38.576628612983775,-90.09227464169788,17112.0
308,Kessler Inc,39.06018314037267,-90.27707601987576,4950.0
309,Kiehn Inc,38.41827376590538,-90.01092774143557,34604.0
310,Kiehn-Emmerich,38.563689858630354,-89.8368029443332,36475.0
311,Kihn Inc,38.188946951585976,-89.78005316318864,48001.0
312,"Kihn, Abernathy and Douglas",38.371444596927965,-90.32367438294492,66736.0
313,"Kihn, Brakus and Goyette",38.50913611012236,-90.26790884538376,87557.0
314,Kihn-Fritsch,38.460292312768246,-90.18771159656652,6905.0
315,Kihn-Schuster,38.68567942686397,-90.03240829937393,21010.0
316,Kilback Group,38.44338047518878,-89.5032958193096,22448.0
317,Kilback LLC,38.462224151487625,-89.89379485827844,50535.0
318,Kilback and Sons,38.714668271934606,-90.00619434495913,73089.0
319,"Kilback, Nitzsche and Leffler",38.571091304347824,-90.37003583478261,40472.0
320,Kirlin and Sons,38.679837474669604,-90.62961962885463,11232.0
321,Klein Group,38.671468548687095,-90.41594352844639,51001.0
322,Kling Inc,38.85178125009304,-90.03344866951991,96117.0
323,"Kling, Howe and Schneider",38.66222311294212,-89.95379932757236,73655.0
324,Kling-Ernser,38.69722922274387,-90.65860793375066,37151.0
325,Kling-Grant,38.427660468849,-90.45120666842661,8755.0
326,Klocko LLC,38.391318251962325,-90.86588214678179,27541.0
327,"Klocko, Runolfsdottir and Breitenberg",38.79378515801887,-90.58480150707548,72156.0
328,Koelpin and Sons,38.6003584050834,-90.68846590071486,38925.0
329,Koepp-Parker,38.47536026724855,-90.30782710016625,22551.0
330,Koepp-Witting,38.64889251169471,-90.82524141403364,60014.0
331,"Kohler, Lindgren and Koelpin",38.3137520647482,-90.13814822302159,13340.0
332,"Konopelski, Schneider and Hartmann",38.419599118753354,-89.74029728318108,16364.0
333,Koss and Sons,38.679726058868496,-90.17928058868502,13634.0
334,"Koss, Hansen and Lueilwitz",38.63098519863306,-90.15685258052115,29860.0
335,"Koss, McLaughlin and Mayer",38.22254553287012,-90.4873292100481,31783.0
336,Kovacek Ltd,38.63650915636364,-90.07241364,62015.0
337,"Kovacek, Dibbert and Ondricka",38.83167153095912,-90.46169869728855,39429.0
338,Kozey-Boehm,38.595436064308686,-90.46669590032154,45052.0
339,Kozey-Kuhlman,38.571388125816995,-90.18436211220043,12461.0
340,Kozey-McDermott,38.798574609181145,-89.93548630148884,68840.0
341,Kris-Kertzmann,38.64795597636816,-90.17305312437811,26137.0
342,Kris-Padberg,38.32799773798181,-90.65285302295366,65264.0
343,Kris-Weimann,38.47473442996743,-90.76102234039088,62889.0
344,Kub PLC,38.45349366537181,-90.4325063218646,85259.0
345,Kub-Heaney,38.708146004616275,-90.6887927085978,50103.0
346,Kuhic Inc,38.28610120870994,-90.46215706573543,35951.0
347,Kuhic LLC,38.51201917984887,-90.45771527254408,50541.0
348,"Kuhic, Bins and Pfeffer",38.44257919470794,-90.24145413629554,15668.0
349,Kuhn Group,38.67617593947964,-89.93836301527149,60514.0
350,Kuhn LLC,38.272322011396014,-90.2374527088319,54768.0
351,Kulas Group,38.762807603229525,-90.37392961476355,40322.0
352,Kunde-Sanford,38.627984226645005,-89.72800443379367,23964.0
353,Kunze Inc,38.48777846623271,-90.03405106224574,96740.0
354,"Kunze, Larkin and Mayert",38.631078030978934,-89.25632006443618,12405.0
355,Kuphal-Bartoletti,38.60419687201234,-90.26133574094064,67669.0
356,Kuphal-Predovic,38.45889690030675,-90.88881212346625,67736.0
357,Kuphal-Toy,38.417345456928835,-90.2365051305511,50236.0
358,Kutch Group,38.1162360667396,-89.97344937308533,29429.0
359,Kutch LLC,38.928648201170446,-90.44451745354792,16602.0
360,Kutch and Sons,38.61912928923948,-89.94226004935275,16432.0
361,"Kutch, Hermiston and Farrell",38.76614455721393,-90.46210448143896,51533.0
362,"Kutch, Steuber and Gerhold",38.54038937493158,-90.51289290202517,11757.0
363,Kutch-Ferry,38.460933294019235,-90.74301262024258,35592.0
364,Kutch-Hegmann,38.16900517297297,-90.1607718227027,71675.0
365,Kutch-Wilderman,38.41722943222711,-90.62679096201519,62558.0
366,Kuvalis Ltd,38.9042458021188,-90.33825593227392,16746.0
367,Labadie LLC,38.50743428902371,-90.37926141312741,54829.0
368,"Labadie, Treutel and Bode",38.41409158697916,-90.03871765260416,44644.0
369,"Lakin, Ferry and Beatty",38.421413986791414,-90.13780134782608,39045.0
370,"Lang, Towne and Schuppe",38.488291707199295,-89.9958996738367,30446.0
371,"Langosh, Wintheiser and Hyatt",38.48854207102908,-89.82221133724833,50542.0
372,Langworth LLC,38.51199502147578,-90.11382131497797,7105.0
373,"Langworth, Boehm and Gulgowski",38.49773127018791,-89.94417126561707,16821.0
374,Larkin Ltd,38.66132701292335,-90.57753990953654,76112.0
375,"Larkin, Stracke and Greenfelder",38.55736470860567,-90.03952865196078,60420.0
376,"Larson, Quitzon and Spencer",38.79954548112058,-90.19447735688185,65340.0
377,Larson-Moen,38.56069051286262,-89.80926601532568,74857.0
378,Leannon-Nikolaus,38.55110729181929,-89.60581424175824,45696.0
379,Leannon-Ward,38.58173134477124,-89.71639513616559,67109.0
380,Lebsack and Sons,38.672285165165164,-90.78488847222222,73852.0
381,"Ledner, Hartmann and Feest",38.66297626436108,-90.3555094161782,80238.0
382,Ledner-Pfannerstill,38.734186399770905,-90.50168034707903,25088.0
383,Leffler-Goldner,38.5541602539168,-90.19116697190708,17870.0
384,"Lehner, Mosciski and King",38.61211414996175,-90.56534813771997,76084.0
385,"Lehner, Reichert and Mills",38.59789880433397,-89.6917077023582,74010.0
386,Lemke and Sons,38.57233340880503,-90.7061097572327,35133.0
387,Lemke-Gutmann,38.30108486584742,-90.4761164157706,85342.0
388,Lesch Ltd,38.24490675096608,-90.00106191283813,53932.0
389,"Lesch, D'Amore and Brown",38.5634528290968,-90.3428337171444,75452.0
390,"Lind, Huel and McClure",38.89510384356895,-90.25179858941677,76531.0
391,Lind-Buckridge,38.408489693403695,-90.12421419208444,83236.0
392,Little Ltd,38.456228295637445,-90.20208319102075,98253.0
393,"Little, Gutmann and Lynch",38.752398442415014,-90.16524340791476,68869.0
394,Little-Gleichner,38.81319594763729,-89.76139047637292,75167.0
395,Lockman Ltd,38.5232676011236,-89.90296467776886,33598.0
396,"Lockman, West and Runte",38.4464686746507,-90.4907073512974,22407.0
397,"Lowe, Dietrich and Erdman",38.36062858619154,-90.06100813006681,48612.0
398,"Lubowitz, Terry and Stracke",38.27269124972005,-90.1150119680851,63501.0
399,Lubowitz-Walter,38.69152079054353,-89.85383374326116,1256.0
400,Luettgen PLC,38.54492302775665,-90.59073384258555,22203.0
401,Lynch Ltd,38.36492606842789,-90.4085909250758,52565.0
402,Lynch-Mohr,38.48685932643118,-89.03960169183921,12507.0
403,Lynch-Wisozk,38.49668459699676,-90.0357172978896,72140.0
404,Macejkovic-Lesch,38.454860425073875,-90.37746937188687,30473.0
405,Maggio-Fahey,38.58887405161691,-89.89028805597016,45424.0
406,Mante Group,38.75453253883892,-90.21374480457891,66418.0
407,"Mante, Luettgen and Hackett",38.54880439271017,-90.55409019929452,82430.0
408,Marks Inc,38.79441147125538,-90.79609057528354,58477.0
409,Marvin-Lind,38.19821606204986,-90.74794147202216,26656.0
410,Mayert Group,38.43120275797533,-89.84440072139515,62824.0
411,McCullough Group,38.00066226086957,-90.41658513386727,75765.0
412,McCullough LLC,38.56752133229621,-89.87827023397635,59071.0
413,"McCullough, Hudson and Schuster",38.23901268588687,-90.42125960406369,44654.0
414,"McDermott, Osinski and Morar",38.44321007334669,-89.72605125811623,75144.0
415,McDermott-Rice,38.31595750699088,-90.00803894346504,12998.0
416,McDermott-Weimann,38.579739288827255,-89.88828742987322,71644.0
417,McGlynn-Heathcote,38.60605770703125,-90.87345555234376,31774.0
418,McGlynn-Jaskolski,38.539337583333335,-89.82925875757574,91042.0
419,McKenzie-Huels,38.441783388407366,-90.01165485536293,10468.0
420,"McLaughlin, Armstrong and Koepp",38.54409407354686,-89.16960950177935,42170.0
421,Medhurst Inc,38.55349185680751,-90.14376775782472,42131.0
422,Medhurst PLC,38.439667958459985,-90.55892410486321,97458.0
423,"Medhurst, Cartwright and Ebert",38.539559228571434,-90.17632361257142,61102.0
424,"Medhurst, Labadie and Gottlieb",38.639209083003955,-90.04470663768116,47020.0
425,"Metz, Russel and Metz",38.57327070596206,-90.34595178952122,45693.0
426,Metz-Boehm,38.59877364655905,-89.9841407693288,14469.0
427,Miller-Harris,38.79818508138598,-90.70586463013699,46750.0
428,Miller-Hauck,38.48590444295574,-90.31374824563541,78045.0
429,"Moen, Reinger and Murphy",38.38398773801514,-90.11067148359967,63673.0
430,Mohr Inc,38.53764917358171,-90.13350878873835,17044.0
431,Mohr-Bayer,38.56380819226907,-90.55649471686746,24091.0
432,"Monahan, Bogisich and Ledner",38.71059674918567,-89.46732197198696,11756.0
433,"Monahan, Hermann and Johns",38.39289898651961,-90.04694101715687,66801.0
434,Monahan-Morar,38.80949599111111,-90.36386198333334,44134.0
435,"Moore, Dibbert and Koepp",38.528671063981044,-90.04570560031596,26201.0
436,"Moore, Williamson and Emmerich",38.44799011848534,-90.60705095276873,62418.0
437,Morar Inc,38.40415619298246,-89.02224268969297,20115.0
438,Morissette LLC,38.40742943301687,-89.86019899367088,64701.0
439,Morissette PLC,38.360612679615706,-89.97153166875522,49878.0
440,"Morissette, Weber and Wiegand",38.2670561298027,-89.56173335721704,44081.0
441,Morissette-Schaefer,38.2708809170354,-89.97562963882743,75766.0
442,Mosciski Group,38.75155623357664,-90.16263818126521,25938.0
443,"Mosciski, Gislason and Mertz",38.33632168864469,-90.28892883394384,15009.0
444,"Mosciski, Ziemann and Farrell",38.50173566529985,-90.47645334085085,61910.0
445,Mraz-Herzog,38.9105303080121,-90.35030877853363,23840.0
446,"Mueller, Gerhold and Mueller",38.86425455798687,-90.90033266575493,23883.0
447,Murray Ltd,38.366150617112304,-89.52347254759358,4032.0
448,Murray-Smitham,38.51993071474104,-89.90703770438246,29166.0
449,Nader-Heller,38.73037117536705,-89.6678018711256,85544.0
450,Nader-Maggio,38.6580780207283,-90.5377721859944,71722.0
451,"Nicolas, Hills and McGlynn",38.63304825806451,-90.40873912197581,14735.0
452,Nienow PLC,38.641311454160046,-89.95497403338632,30517.0
453,"Nienow, Ankunding and Collier",38.102571370277076,-90.4229190056675,34609.0
454,"Nienow, Barrows and Romaguera",38.32059185215054,-90.23258716129033,85387.0
455,"Nitzsche, Kessler and Wolff",38.43431542667807,-90.91105074690039,15329.0
456,Nolan-Williamson,38.37127072217153,-90.6270513854927,12721.0
457,"O'Connell, Botsford and Hand",38.46655419610957,-90.07531244739977,13625.0
458,O'Connell-Ullrich,38.41091398211315,-90.10195083319468,28789.0
459,O'Hara-Wilderman,38.56898197232983,-89.99072847924738,54940.0
460,O'Keefe-Hudson,38.65111367281673,-90.01539154940549,85243.0
461,O'Keefe-Wisoky,38.58014752803998,-90.77350257690172,71949.0
462,"O'Reilly, Mohr and Purdy",38.50710679633242,-90.05213879711276,15610.0
463,"Okuneva, Schneider and Rau",38.517163542931485,-90.63217077623591,47274.0
464,"Olson, Becker and Koch",38.82041626845391,-89.82725636503855,13303.0
465,Ortiz Group,38.30934265440357,-90.0200607380156,30821.0
466,Osinski Inc,38.62170082427238,-90.34755397473916,61737.0
467,"Osinski, Ledner and Leuschke",38.41621102512964,-90.29865670961308,47453.0
468,Pacocha-Bauch,38.41253932616179,-90.32551388597247,76870.0
469,Pacocha-O'Reilly,38.49452800588466,-90.62713724440958,72032.0
470,Pacocha-Weissnat,38.43747687024902,-90.37181975010921,75555.0
471,Padberg-Rogahn,38.65738448895899,-89.93769769348054,38483.0
472,Padberg-Sauer,38.29456274752475,-89.93478398432343,84660.0
473,Padberg-Welch,38.59498513655116,-90.4879725660066,20657.0
474,Pagac LLC,38.273099990967744,-90.15043469978495,26149.0
475,Parisian and Sons,38.88042278801668,-90.21005828896473,38927.0
476,"Parisian, Schiller and Altenwerth",38.40412498369565,-90.13428643400621,17967.0
477,"Parker, Nolan and Trantow",38.63076401814516,-90.37983629133065,4938.0
478,Parker-Kunde,38.668843511487964,-89.95648042396061,12866.0
479,Paucek-Wiza,38.02381419825708,-89.74306194444445,45886.0
480,Pfeffer LLC,38.10077400115473,-89.38204149076212,73564.0
481,Pfeffer and Sons,38.40083002203976,-89.99750790319793,31787.0
482,Pollich LLC,38.45519801579155,-90.19799270232926,22812.0
483,"Pouros, Walker and Spencer",38.62890608416921,-90.07653294592238,40472.0
484,Pouros-Conroy,38.3260005477707,-90.33411261528663,12770.0
485,Pouros-Haag,38.162128686803776,-90.59702743059125,48470.0
486,Powlowski-Weimann,38.50116565647582,-89.60032575875486,20619.0
487,Predovic Inc,38.46099500098961,-90.62337982879762,14808.0
488,Price Inc,38.65366850126072,-90.5253407952597,40376.0
489,Prohaska-Murray,38.784327266890635,-90.08465976558418,50135.0
490,Prosacco LLC,38.51982190735695,-90.19541717438692,44870.0
491,"Prosacco, Kreiger and Kovacek",38.542310586065575,-90.56800628893443,96039.0
492,"Quitzon, Green and Bashirian",38.303218001254706,-90.39777592764534,19055.0
493,Quitzon-Goyette,38.46769562470024,-90.32317744284572,82710.0
494,Ratke and Sons,38.75170233372025,-90.09128359837493,28091.0
495,Rau and Sons,38.459582774698795,-90.4575911562249,13619.0
496,Rau-Grant,38.36003708521971,-90.28724719041278,97014.0
497,Rau-Robel,38.37161888972877,-90.13818669364163,50264.0
498,"Raynor, Feest and Miller",38.676967018643396,-90.21246161721538,3304.0
499,"Raynor, Reinger and Hagenes",38.77515879969477,-90.77270114498283,28679.0
500,Reichel Inc,38.6218069900367,-89.8332808154169,29805.0
501,Reichel LLC,38.36426207106599,-90.42243036886633,8317.0
502,"Reichel, Bradtke and Blanda",38.52139418226601,-90.72453828201971,28713.0
503,"Reichert, Huels and Hoppe",38.61268017782427,-90.62949805020921,82510.0
504,"Reichert, Rowe and Mraz",38.52147311081932,-90.67762571481093,98376.0
505,"Reichert, Shanahan and Hayes",38.65795125214755,-90.64294646639718,48621.0
506,Reichert-Weissnat,38.89202936653386,-90.37389188579017,61257.0
507,Reilly LLC,38.41314680682285,-89.88084373037402,76566.0
508,Reilly and Sons,38.53220663258026,-90.33810470868013,71354.0
509,"Reilly, Heaney and Cole",38.725658340650725,-90.27817246569973,95546.0
510,"Reinger, Weissnat and Strosin",38.40909262513089,-90.08750871204188,4554.0
511,Rempel Inc,38.71288459772492,-90.84619026783868,29355.0
512,Rempel PLC,37.948864779030444,-90.2925289729425,22735.0
513,Renner Ltd,38.73094012905812,-89.72446228817635,29729.0
514,Reynolds-Schinner,38.563318164842244,-89.93404571474565,71282.0
515,"Rippin, Kub and Mann",38.643899445935276,-91.0664983433307,28705.0
516,Rippin-VonRueden,38.53672684330485,-90.44382283133902,58772.0
517,"Ritchie, Bradtke and Stiedemann",38.607352461832065,-90.0615601653944,75861.0
518,"Ritchie, Oberbrunner and Cremin",38.558381313253015,-89.15047722409638,22485.0
519,"Robel, Cummerata and Prosacco",38.79464342626183,-90.12394732807572,61336.0
520,"Roberts, Daniel and Macejkovic",38.46613969440655,-90.18073926557526,73744.0
521,"Roberts, Ryan and Smith",38.38957530909091,-90.3683888137741,72466.0
522,Roberts-Beahan,38.44349315404202,-89.54545700190961,76869.0
523,Rodriguez Group,38.77452606664212,-90.4859058365243,74643.0
524,"Rodriguez, Yost and Jenkins",38.70055763343559,-90.48502119248465,37110.0
525,"Rohan, White and Aufderhar",38.77945351446443,-90.35550147615325,96017.0
526,Rolfson-Kunde,38.56335410433827,-90.6612744601867,50583.0
527,Romaguera Ltd,38.690958428321686,-89.94241474708625,26426.0
528,Romaguera and Sons,38.45222487947494,-89.7401474928401,30467.0
529,"Romaguera, Cruickshank and Greenholt",38.49023626714801,-89.917803471377,97625.0
530,"Romaguera, Wehner and Tromp",38.58033075890176,-89.84298237237238,39338.0
531,Roob LLC,38.094690626050415,-89.95091860819328,1226.0
532,"Roob, Conn and Tremblay",38.31319979173838,-90.2094445580895,39836.0
533,Roob-Okuneva,38.65269991242604,-90.16606397514794,65638.0
534,"Rowe, Batz and Goodwin",38.448587288177336,-90.71054076724138,19547.0
535,Rowe-Vandervort,38.14517010596027,-90.54135437086092,57065.0
536,Ruecker Group,38.51981157095436,-89.98578375020746,73077.0
537,"Ruecker, Beer and Collier",38.41554402994321,-91.30789501858544,61535.0
538,Ruecker-Mayert,38.68055997982456,-89.88350238684211,28079.0
539,"Runolfsdottir, Mueller and Hand",38.56662428654661,-90.37829065307203,38967.0
540,Runolfsson and Sons,38.395070283405175,-90.57980935344828,76689.0
541,"Runte, Green and Emard",38.603677501499696,-90.66523158428315,15084.0
542,Runte-Mohr,38.55209037787513,-90.4952676905805,76827.0
543,"Rutherford, Homenick and Bergstrom",38.136194757174394,-89.16938593818983,88340.0
544,Rutherford-Mertz,38.49508417717959,-89.62346577300121,68348.0
545,Satterfield-Lowe,38.3954044136598,-90.42796919716496,4614.0
546,Sawayn PLC,38.24042316906171,-90.71647292434488,67143.0
547,Schaefer Ltd,38.47971944035088,-90.6517316241228,72658.0
548,"Schaefer, Fay and Hilll",38.49123188772846,-90.44675796083551,55033.0
549,"Schaefer, Maggio and Daugherty",38.94211205114504,-90.72370382633588,37324.0
550,"Schaefer, McGlynn and Bosco",38.686983381543236,-90.05185224389298,12423.0
551,Schamberger-O'Keefe,38.62480789175051,-90.19215120442657,64439.0
552,Schiller Ltd,38.46948959353741,-90.30107597278912,78336.0
553,"Schiller, Blanda and Johnson",38.54889653433903,-90.24029121238587,12548.0
554,Schimmel-Olson,38.4177595200182,-90.30517111282984,65349.0
555,Schmeler Inc,38.53429703629537,-90.12124291301627,16362.0
556,"Schmeler, Bashirian and Price",38.456023063008125,-90.23060954217479,63823.0
557,Schmeler-Howe,38.43170588421052,-90.69163814072023,15849.0
558,Schmidt and Sons,38.667886803589745,-90.4653626425641,12446.0
559,Schmidt-Larkin,38.493033696346075,-90.24339211171777,97427.0
560,Schmitt Inc,38.692711841192,-89.8957443342135,16878.0
561,Schmitt Ltd,38.66579778980892,-90.82274146894905,95606.0
562,"Schneider, Hayes and Nikolaus",38.53938294198139,-89.95819840503557,66026.0
563,Schoen Ltd,38.50839082926829,-90.0244468296962,32347.0
564,"Schoen, Kuphal and Nitzsche",38.6444303546818,-89.79197153060397,42442.0
565,"Schoen, Nienow and Bauch",38.543778203589454,-90.16267741110488,50207.0
566,Schoen-Quigley,38.547790363677535,-90.03970936730072,51024.0
567,Schroeder Group,38.530178865671644,-90.25599161970149,63135.0
568,"Schroeder, Hauck and Treutel",38.66967171015284,-90.42511262390829,76265.0
569,"Schroeder, Wolff and Hermiston",38.75250004848485,-90.54590275030303,44471.0
570,Schulist Ltd,38.43144317299349,-89.7857102478308,28040.0
571,"Schultz, Simonis and Little",38.46715471446436,-89.99626960066693,8016.0
572,Schumm PLC,38.42550303082004,-90.53768036653825,59750.0
573,"Schumm, Bauch and Ondricka",38.517192378980894,-90.24525909355096,38583.0
574,"Schumm, McLaughlin and Carter",38.45773406207675,-90.19469187020316,15116.0
575,Schuppe LLC,38.58530153172522,-90.0498740388044,15856.0
576,"Schuppe, Nolan and Hoeger",38.47112907332228,-90.27105472576636,24102.0
577,Schuppe-Schuppe,38.59481678691275,-90.14893490380312,21713.0
578,Shanahan-Lehner,38.60563915806988,-90.12610780587909,54423.0
579,Shields Inc,38.55158579306609,-90.444857248104,40050.0
580,Shields-Wunsch,38.52281373018648,-89.94833420279721,19970.0
581,Simonis-Prohaska,38.2109242084399,-89.261496935422,21710.0
582,Skiles LLC,38.460616624386255,-90.56557497831425,35503.0
583,Skiles-Ankunding,38.12308440350878,-89.6919937763158,72142.0
584,Smith-Stokes,38.25291908803886,-89.49771474802671,68927.0
585,Smitham-Boehm,38.34202985539488,-89.87913834037819,16901.0
586,Smitham-Schiller,38.04590210671068,-90.36703852145214,6758.0
587,Spencer PLC,38.592316909427964,-90.09321302595339,8802.0
588,Spencer-Runolfsson,38.301028963522015,-89.94975122767296,8742.0
589,Spinka Inc,38.276924413793104,-89.7230658676307,43746.0
590,Spinka-Welch,38.16450879845815,-90.85648369933922,50168.0
591,Sporer Inc,38.89536685576552,-90.14025777284998,71854.0
592,Sporer-Keebler,38.567692786849314,-90.93014597041095,87547.0
593,Stamm-Rodriguez,38.617041732326285,-89.4174018283988,46347.0
594,Stamm-Witting,38.548104915823124,-90.10292935428876,64071.0
595,"Stanton, Jakubowski and Baumbach",38.56664393705942,-90.74198326636456,26260.0
596,Stark-Batz,38.3320688306538,-90.10023026634514,36049.0
597,Stark-Koss,38.44071323799919,-90.28664202016942,8534.0
598,"Stehr, Jewess and Schimmel",38.378242678294576,-90.085723575969,30442.0
599,Stiedemann Inc,38.64439560632911,-90.08454720632912,12740.0
600,Stiedemann Ltd,38.484839044792224,-90.07617440043174,61014.0
601,"Stokes, Christiansen and Sipes",38.461812334796925,-90.35463686278814,87015.0
602,Stoltenberg-Beatty,38.42466287387017,-90.31189977239111,46776.0
603,Stracke-Lemke,38.480334941735535,-90.2821262714876,98262.0
604,Streich Ltd,38.4245498843594,-90.04684342637272,71758.0
605,"Streich, Dietrich and Barton",38.484529012314006,-90.34694580656748,26581.0
606,"Streich, Hansen and Veum",38.854825008024456,-90.24828723079862,61873.0
607,"Streich, Rolfson and Wilderman",38.53068944122807,-90.12076236403509,15545.0
608,"Stroman, Hudson and Erdman",38.849571962513785,-90.33188427195884,17972.0
609,Strosin-Cruickshank,38.51722354778365,-90.79316930866206,73162.0
610,"Swaniawski, Bahringer and Ledner",38.20384092637362,-90.53326741208791,64035.0
611,"Swaniawski, Lowe and Robel",38.466800618720484,-90.00623982481751,33308.0
612,"Swaniawski, Nitzsche and Welch",38.541810878205126,-90.23318207284382,54202.0
613,Swift PLC,38.48161837926509,-90.61494511067366,95638.0
614,"Swift, Bradtke and Marquardt",38.16818321269488,-90.53575911247215,78624.0
615,Terry Ltd,38.74950544690782,-90.59933968105796,33565.0
616,"Terry, Johns and Bins",38.39898704614412,-89.60694765992413,38363.0
617,Terry-Huel,38.33842144138276,-90.476957500501,66087.0
618,Thiel Ltd,38.794088904704466,-90.10447984197828,84066.0
619,Thiel PLC,38.31878859974343,-90.50245326683772,20175.0
620,Thiel-Thiel,38.557467129014704,-90.07368896951552,12740.0
621,Thompson-Gleason,38.64742627321112,-91.0715870070964,44695.0
622,Tillman LLC,38.82524606698565,-89.40037609210526,60958.0
623,"Tillman, Dickinson and Labadie",38.81821555198488,-90.05027779621928,68956.0
624,"Tillman, Fritsch and Schmitt",38.28079364039786,-90.8264127834736,15370.0
625,"Torp, Muller and Borer",38.52871232271148,-89.89881400695249,1373.0
626,Torp-Labadie,38.802123690764574,-90.04712445003784,12958.0
627,Torp-Lemke,38.54131627763975,-90.00261493913044,97361.0
628,Torphy-Goyette,38.51352930543572,-89.97015889128559,49919.0
629,Torphy-Kertzmann,38.69446991267942,-90.13934684808612,70552.0
630,Towne LLC,38.404006284776905,-90.53120828937007,65340.0
631,"Towne, Greenholt and Koepp",38.54646897119342,-90.36834665380658,29481.0
632,"Towne, Walker and Borer",38.43752398611111,-89.89482065811966,44039.0
633,Trantow PLC,38.24485062143672,-89.8760675153934,61012.0
634,Treutel-King,38.5012022,-91.21798223870968,57754.0
635,Tromp Group,39.043848782165604,-90.43075137324841,57451.0
636,"Tromp, Kerluke and Glover",37.93254464255319,-90.07030741595746,16253.0
637,"Turcotte, Batz and Buckridge",38.651795309610705,-91.11196083150851,37656.0
638,"Turcotte, McKenzie and Koss",38.58317378068303,-90.26211315101388,37218.0
639,Turcotte-Halvorson,38.59760664732143,-89.70479280867347,49720.0
640,Turner LLC,38.63051032389163,-90.27482053940886,96105.0
641,Turner and Sons,38.14516017257785,-90.10966428460208,66016.0
642,"Turner, Ruecker and Parisian",38.329665674296926,-89.96274212295619,13108.0
643,"Turner, Ziemann and Lehner",38.59441394940978,-89.57665258965712,51579.0
644,Ullrich Ltd,38.50927803695359,-90.27484705092384,42124.0
645,Upton PLC,38.35656035675382,-90.90629274019606,21131.0
646,Vandervort-Funk,38.5109193589329,-90.34903188318512,47272.0
647,Veum-Koelpin,38.68982255236908,-90.45267849376559,1253.0
648,Volkman Ltd,38.61923744881889,-91.04829932913385,36854.0
649,Volkman PLC,38.45061442849548,-90.17873378681553,76033.0
650,Volkman-Predovic,38.65343717957927,-90.86336896972807,85375.0
651,VonRueden Group,38.145144613217774,-90.00204793499458,68822.0
652,Waelchi Inc,38.56512908135444,-89.83373989094108,26767.0
653,Waelchi-Wolf,38.438560407322655,-90.6568047542334,67663.0
654,"Walter, Hettinger and Kessler",38.46364162311015,-90.34903150647948,43436.0
655,Waters-Cruickshank,38.61000040111111,-90.27683889277777,56360.0
656,Watsica LLC,38.542441309380145,-90.96336440208448,82401.0
657,"Watsica, Haag and Considine",38.426839010296014,-90.28940137837837,62094.0
658,Weber and Sons,38.49265202823018,-90.0209477149837,70444.0
659,"Weber, Thiel and Hammes",38.557346539320825,-90.00671441197498,24445.0
660,"Weimann, Kuhic and Beahan",38.459781473949576,-89.82271987184875,60420.0
661,Weimann-Lockman,38.4771432989154,-89.96915644208242,17239.0
662,Welch Inc,38.491983304347826,-90.35464241897233,62613.0
663,"Welch, Rath and Koepp",38.436559102925244,-90.67430270097509,52053.0
664,White and Sons,38.29130529169992,-90.49153212330407,75125.0
665,Wiegand-Lowe,37.99498911358575,-89.38945091536749,76084.0
666,Wilkinson LLC,38.454644739031345,-89.96111839715101,71921.0
667,Wilkinson Ltd,38.54380617904864,-90.33775708070552,60545.0
668,Wilkinson PLC,38.51409046454881,-89.99183886187846,17350.0
669,Will Ltd,38.59742751933405,-90.10848604672394,57601.0
670,Williamson LLC,38.469599808419765,-89.89593092007323,45503.0
671,"Willms, Kris and Bergnaum",38.44333068311357,-90.80045617907274,95461.0
672,Windler LLC,38.46850578106509,-90.18117654255803,27541.0
673,"Windler, Goodwin and Kovacek",38.518526214110935,-90.24251443107667,23301.0
674,"Wintheiser, Dietrich and Schimmel",38.54062356230816,-89.54264553652547,46996.0
675,Wisozk and Sons,38.65091888138801,-89.94504473690851,25164.0
676,"Witting, Beer and Ernser",38.67297754351464,-90.11194128242677,81236.0
677,Wiza LLC,38.53048161280298,-89.49006735674332,7934.0
678,"Wiza, Schaden and Stark",38.475819589897775,-90.28317399879737,66047.0
679,Wolf Inc,38.64910288512949,-90.18192998788638,52544.0
680,"Wuckert, Wintheiser and Friesen",38.4665634703974,-90.09025001135441,3465.0
681,Wuckert-Goldner,38.364541454234384,-90.04655989777588,17765.0
682,Wuckert-Walter,37.965154449069004,-89.70232042825849,64497.0
683,"Yost, Block and Koepp",38.43500818310728,-90.09625090505548,71675.0
684,"Yost, Schamberger and Windler",38.73718458651399,-90.4234871072943,15076.0
685,Yost-Rogahn,38.39946932692308,-89.99085577029915,97056.0
686,Zboncak LLC,38.73917591336354,-89.66479238391847,13034.0
687,Zboncak Ltd,38.44149554973262,-90.03142373101605,39664.0
688,"Zboncak, Rowe and Murazik",38.563726299454636,-90.89950349380268,86004.0
689,Zemlak Group,38.64284204780262,-90.51826983037779,71858.0
690,"Zemlak, Tillman and Cremin",38.20691861031042,-90.8284332455654,51461.0
691,Ziemann-Waters,38.5252484719764,-90.36719865073746,45682.0
692,"Zieme, Bode and Dooley",38.74418223125,-90.22985249296875,64656.0
693,Zulauf LLC,38.63611180706674,-90.72442893381941,10543.0
